,loss,accuracy,val_loss,val_accuracy
0,0.16317340731620789,0.6325172781944275,0.14412765204906464,0.7414315342903137
