,loss,accuracy,val_loss,val_accuracy
0,1.0327790975570679,0.40394267439842224,1.1049870252609253,0.3431861102581024
