,loss,accuracy,val_loss,val_accuracy
0,1.0008070468902588,0.468588262796402,1.0914521217346191,0.40494096279144287
