,loss,accuracy,val_loss,val_accuracy
0,1.0320831537246704,0.4069075286388397,1.104062795639038,0.3435087203979492
