,loss,accuracy,val_loss,val_accuracy
0,1.1089063882827759,0.42279207706451416,0.9362770915031433,0.625950813293457
1,1.0970669984817505,0.44236794114112854,0.9294708967208862,0.5419142842292786
