,loss,accuracy,val_loss,val_accuracy
0,1.0317615270614624,0.40425682067871094,1.1028541326522827,0.3434298634529114
