,loss,accuracy,val_loss,val_accuracy
0,2.1740758419036865,0.39688199758529663,1.1099052429199219,0.3412145972251892
