,loss,accuracy,val_loss,val_accuracy
0,0.16227422654628754,0.6321694850921631,0.1442488133907318,0.7379137277603149
