,loss,accuracy,val_loss,val_accuracy
0,3.4038634300231934,0.5942901968955994,3.5215210914611816,0.7651465535163879
