,loss,accuracy,val_loss,val_accuracy
0,1.0308563709259033,0.4051875174045563,1.103115439414978,0.3435087203979492
