,loss,accuracy,val_loss,val_accuracy
0,1.0312201976776123,0.4046691656112671,1.1078757047653198,0.3435087203979492
