,loss,accuracy,val_loss,val_accuracy
0,1.0314736366271973,0.404940128326416,1.106502890586853,0.3435087203979492
