,loss,accuracy,val_loss,val_accuracy
0,1.1071560382843018,0.4219399094581604,0.9328340888023376,0.5307519435882568
