,loss,accuracy,val_loss,val_accuracy
0,3.238405466079712,0.38946789503097534,1.1108760833740234,0.3435732424259186
