,loss,accuracy,val_loss,val_accuracy
0,1.0313401222229004,0.40466129779815674,1.1074804067611694,0.3435087203979492
