,loss,accuracy,val_loss,val_accuracy
0,1.1064962148666382,0.42440998554229736,0.9332171678543091,0.5499222278594971
1,1.0950160026550293,0.4402238428592682,0.92551589012146,0.5367166996002197
2,1.089542269706726,0.4498959481716156,0.9229409098625183,0.566991925239563
3,1.0831801891326904,0.45842134952545166,0.9201037287712097,0.44052132964134216
4,1.075107216835022,0.45937955379486084,0.9129324555397034,0.48084768652915955
