,loss,accuracy,val_loss,val_accuracy
0,1.0322052240371704,0.4049636721611023,1.106653094291687,0.3435087203979492
