,loss,accuracy,val_loss,val_accuracy
0,0.9877535700798035,0.4911682605743408,1.060549259185791,0.5138686895370483
