,loss,accuracy,val_loss,val_accuracy
0,1.0312633514404297,0.4033104181289673,1.1074262857437134,0.3435087203979492
