,loss,accuracy,val_loss,val_accuracy
0,1.630717158317566,0.3983074724674225,1.1095823049545288,0.3433223068714142
