,loss,accuracy,val_loss,val_accuracy
0,1.0319175720214844,0.40539562702178955,1.1019386053085327,0.3434728682041168
