,loss,accuracy,val_loss,val_accuracy
0,1.0313366651535034,0.40506184101104736,1.105395793914795,0.34351587295532227
1,1.0313280820846558,0.404763400554657,1.1051558256149292,0.3435087203979492
