,loss,accuracy,val_loss,val_accuracy
0,4.082769393920898,0.39266443252563477,1.1153193712234497,0.32492634654045105
