,loss,accuracy,val_loss,val_accuracy
0,3.5318422317504883,0.4356960654258728,6.909645080566406,0.3225318491458893
