,loss,accuracy,val_loss,val_accuracy
0,1.0317299365997314,0.4062713384628296,1.1041796207427979,0.3435087203979492
1,1.0311111211776733,0.4061810374259949,1.1046648025512695,0.3435373902320862
