,loss,accuracy,val_loss,val_accuracy
0,1.0327898263931274,0.40283524990081787,1.10688316822052,0.34216809272766113
