,loss,accuracy,val_loss,val_accuracy
0,1.1077543497085571,0.4248812198638916,0.9312639236450195,0.5612136125564575
