,loss,accuracy,val_loss,val_accuracy
0,0.8396447896957397,0.6325621604919434,0.9484589099884033,0.5650441646575928
