,loss,accuracy,val_loss,val_accuracy
0,1.0310817956924438,0.4042803943157196,1.107628583908081,0.3435087203979492
