,loss,accuracy,val_loss,val_accuracy
0,1.0323867797851562,0.40475553274154663,1.1052826642990112,0.34236881136894226
