,loss,accuracy,val_loss,val_accuracy
0,1.0314834117889404,0.40721774101257324,1.1035927534103394,0.3435087203979492
