,loss,accuracy,val_loss,val_accuracy
0,1.0311708450317383,0.40616926550865173,1.104045033454895,0.34351587295532227
