,loss,accuracy,val_loss,val_accuracy
0,1.0312283039093018,0.40377774834632874,1.107682704925537,0.3435087203979492
