,loss,accuracy,val_loss,val_accuracy
0,1.0306872129440308,0.40468093752861023,1.1074482202529907,0.3435087203979492
