,loss,accuracy,val_loss,val_accuracy
0,0.4210810661315918,0.20452046394348145,0.29491689801216125,0.15115226805210114
