,loss,accuracy,val_loss,val_accuracy
0,1.0346933603286743,0.40372276306152344,1.1024096012115479,0.34356606006622314
