,loss,accuracy,val_loss,val_accuracy
0,1.0312470197677612,0.40532103180885315,1.1024553775787354,0.3435087203979492
