,loss,accuracy,val_loss,val_accuracy
0,3.4361231327056885,0.7156882286071777,3.591216564178467,0.7642576098442078
